Token	POS-Tag	OOV	Id	Origem	Classe	Perturbada	Index	__next__	Granularidade	Tipo_Texto	Sentença
Qual	PRON	0	83e3da1f287e4628b9b96ec37f549407	83e3da1f287e4628b9b96ec37f549407	1	0	0	1	0	1	Qual era o precursor do MEC ?
era	AUX	0	83e3da1f287e4628b9b96ec37f549407	83e3da1f287e4628b9b96ec37f549407	1	0	1	2	0	1	Qual era o precursor do MEC ?
o	DET	0	83e3da1f287e4628b9b96ec37f549407	83e3da1f287e4628b9b96ec37f549407	1	0	2	3	0	1	Qual era o precursor do MEC ?
precursor	NOUN	0	83e3da1f287e4628b9b96ec37f549407	83e3da1f287e4628b9b96ec37f549407	1	1	3	4	0	1	Qual era o precursor do MEC ?
do	ADP	0	83e3da1f287e4628b9b96ec37f549407	83e3da1f287e4628b9b96ec37f549407	1	0	4	5	0	1	Qual era o precursor do MEC ?
MEC	PROPN	1	83e3da1f287e4628b9b96ec37f549407	83e3da1f287e4628b9b96ec37f549407	1	0	5	6	0	1	Qual era o precursor do MEC ?
?	PUNCT	0	83e3da1f287e4628b9b96ec37f549407	83e3da1f287e4628b9b96ec37f549407	1	0	6	7	0	1	Qual era o precursor do MEC ?
Qual era o precursor do MEC ?	['PRON', 'AUX', 'DET', 'NOUN', 'ADP', 'PROPN', 'PUNCT']	[0, 0, 0, 0, 0, 1, 0]	83e3da1f287e4628b9b96ec37f549407	83e3da1f287e4628b9b96ec37f549407	1	-1	-1		1	3	Qual era o precursor do MEC ?
Qual	PRON	0	83e3da1f287e4628b9b96ec37f549407_pert_0	83e3da1f287e4628b9b96ec37f549407	0	0	0	9	0	0	Qual era o papel do MEC ?
era	AUX	0	83e3da1f287e4628b9b96ec37f549407_pert_0	83e3da1f287e4628b9b96ec37f549407	0	0	1	10	0	0	Qual era o papel do MEC ?
o	DET	0	83e3da1f287e4628b9b96ec37f549407_pert_0	83e3da1f287e4628b9b96ec37f549407	0	0	2	11	0	0	Qual era o papel do MEC ?
papel	NOUN	0	83e3da1f287e4628b9b96ec37f549407_pert_0	83e3da1f287e4628b9b96ec37f549407	0	1	3	12	0	0	Qual era o papel do MEC ?
do	ADP	0	83e3da1f287e4628b9b96ec37f549407_pert_0	83e3da1f287e4628b9b96ec37f549407	0	0	4	13	0	0	Qual era o papel do MEC ?
MEC	PROPN	1	83e3da1f287e4628b9b96ec37f549407_pert_0	83e3da1f287e4628b9b96ec37f549407	0	0	5	14	0	0	Qual era o papel do MEC ?
?	PUNCT	0	83e3da1f287e4628b9b96ec37f549407_pert_0	83e3da1f287e4628b9b96ec37f549407	0	0	6	15	0	0	Qual era o papel do MEC ?
Qual era o papel do MEC ?	['PRON', 'AUX', 'DET', 'NOUN', 'ADP', 'PROPN', 'PUNCT']	[0, 0, 0, 0, 0, 1, 0]	83e3da1f287e4628b9b96ec37f549407_pert_0	83e3da1f287e4628b9b96ec37f549407	0	-1	-1		1	2	Qual era o papel do MEC ?
Qual	PRON	0	83e3da1f287e4628b9b96ec37f549407_pert_1	83e3da1f287e4628b9b96ec37f549407	0	0	0	17	0	0	Qual era o objetivo do MEC ?
era	AUX	0	83e3da1f287e4628b9b96ec37f549407_pert_1	83e3da1f287e4628b9b96ec37f549407	0	0	1	18	0	0	Qual era o objetivo do MEC ?
o	DET	0	83e3da1f287e4628b9b96ec37f549407_pert_1	83e3da1f287e4628b9b96ec37f549407	0	0	2	19	0	0	Qual era o objetivo do MEC ?
objetivo	NOUN	0	83e3da1f287e4628b9b96ec37f549407_pert_1	83e3da1f287e4628b9b96ec37f549407	0	1	3	20	0	0	Qual era o objetivo do MEC ?
do	ADP	0	83e3da1f287e4628b9b96ec37f549407_pert_1	83e3da1f287e4628b9b96ec37f549407	0	0	4	21	0	0	Qual era o objetivo do MEC ?
MEC	PROPN	1	83e3da1f287e4628b9b96ec37f549407_pert_1	83e3da1f287e4628b9b96ec37f549407	0	0	5	22	0	0	Qual era o objetivo do MEC ?
?	PUNCT	0	83e3da1f287e4628b9b96ec37f549407_pert_1	83e3da1f287e4628b9b96ec37f549407	0	0	6	23	0	0	Qual era o objetivo do MEC ?
Qual era o objetivo do MEC ?	['PRON', 'AUX', 'DET', 'NOUN', 'ADP', 'PROPN', 'PUNCT']	[0, 0, 0, 0, 0, 1, 0]	83e3da1f287e4628b9b96ec37f549407_pert_1	83e3da1f287e4628b9b96ec37f549407	0	-1	-1		1	2	Qual era o objetivo do MEC ?
Qual	PRON	0	83e3da1f287e4628b9b96ec37f549407_pert_2	83e3da1f287e4628b9b96ec37f549407	0	0	0	25	0	0	Qual era o interesse do MEC ?
era	AUX	0	83e3da1f287e4628b9b96ec37f549407_pert_2	83e3da1f287e4628b9b96ec37f549407	0	0	1	26	0	0	Qual era o interesse do MEC ?
o	DET	0	83e3da1f287e4628b9b96ec37f549407_pert_2	83e3da1f287e4628b9b96ec37f549407	0	0	2	27	0	0	Qual era o interesse do MEC ?
interesse	NOUN	0	83e3da1f287e4628b9b96ec37f549407_pert_2	83e3da1f287e4628b9b96ec37f549407	0	1	3	28	0	0	Qual era o interesse do MEC ?
do	ADP	0	83e3da1f287e4628b9b96ec37f549407_pert_2	83e3da1f287e4628b9b96ec37f549407	0	0	4	29	0	0	Qual era o interesse do MEC ?
MEC	PROPN	1	83e3da1f287e4628b9b96ec37f549407_pert_2	83e3da1f287e4628b9b96ec37f549407	0	0	5	30	0	0	Qual era o interesse do MEC ?
?	PUNCT	0	83e3da1f287e4628b9b96ec37f549407_pert_2	83e3da1f287e4628b9b96ec37f549407	0	0	6	31	0	0	Qual era o interesse do MEC ?
Qual era o interesse do MEC ?	['PRON', 'AUX', 'DET', 'NOUN', 'ADP', 'PROPN', 'PUNCT']	[0, 0, 0, 0, 0, 1, 0]	83e3da1f287e4628b9b96ec37f549407_pert_2	83e3da1f287e4628b9b96ec37f549407	0	-1	-1		1	2	Qual era o interesse do MEC ?
Qual	PRON	0	83e3da1f287e4628b9b96ec37f549407_pert_3	83e3da1f287e4628b9b96ec37f549407	0	0	0	33	0	0	Qual era o projeto do MEC ?
era	AUX	0	83e3da1f287e4628b9b96ec37f549407_pert_3	83e3da1f287e4628b9b96ec37f549407	0	0	1	34	0	0	Qual era o projeto do MEC ?
o	DET	0	83e3da1f287e4628b9b96ec37f549407_pert_3	83e3da1f287e4628b9b96ec37f549407	0	0	2	35	0	0	Qual era o projeto do MEC ?
projeto	NOUN	0	83e3da1f287e4628b9b96ec37f549407_pert_3	83e3da1f287e4628b9b96ec37f549407	0	1	3	36	0	0	Qual era o projeto do MEC ?
do	ADP	0	83e3da1f287e4628b9b96ec37f549407_pert_3	83e3da1f287e4628b9b96ec37f549407	0	0	4	37	0	0	Qual era o projeto do MEC ?
MEC	PROPN	1	83e3da1f287e4628b9b96ec37f549407_pert_3	83e3da1f287e4628b9b96ec37f549407	0	0	5	38	0	0	Qual era o projeto do MEC ?
?	PUNCT	0	83e3da1f287e4628b9b96ec37f549407_pert_3	83e3da1f287e4628b9b96ec37f549407	0	0	6	39	0	0	Qual era o projeto do MEC ?
Qual era o projeto do MEC ?	['PRON', 'AUX', 'DET', 'NOUN', 'ADP', 'PROPN', 'PUNCT']	[0, 0, 0, 0, 0, 1, 0]	83e3da1f287e4628b9b96ec37f549407_pert_3	83e3da1f287e4628b9b96ec37f549407	0	-1	-1		1	2	Qual era o projeto do MEC ?
Qual	PRON	0	83e3da1f287e4628b9b96ec37f549407_pert_4	83e3da1f287e4628b9b96ec37f549407	0	0	0	41	0	0	Qual era o compromisso do MEC ?
era	AUX	0	83e3da1f287e4628b9b96ec37f549407_pert_4	83e3da1f287e4628b9b96ec37f549407	0	0	1	42	0	0	Qual era o compromisso do MEC ?
o	DET	0	83e3da1f287e4628b9b96ec37f549407_pert_4	83e3da1f287e4628b9b96ec37f549407	0	0	2	43	0	0	Qual era o compromisso do MEC ?
compromisso	NOUN	0	83e3da1f287e4628b9b96ec37f549407_pert_4	83e3da1f287e4628b9b96ec37f549407	0	1	3	44	0	0	Qual era o compromisso do MEC ?
do	ADP	0	83e3da1f287e4628b9b96ec37f549407_pert_4	83e3da1f287e4628b9b96ec37f549407	0	0	4	45	0	0	Qual era o compromisso do MEC ?
MEC	PROPN	1	83e3da1f287e4628b9b96ec37f549407_pert_4	83e3da1f287e4628b9b96ec37f549407	0	0	5	46	0	0	Qual era o compromisso do MEC ?
?	PUNCT	0	83e3da1f287e4628b9b96ec37f549407_pert_4	83e3da1f287e4628b9b96ec37f549407	0	0	6	47	0	0	Qual era o compromisso do MEC ?
Qual era o compromisso do MEC ?	['PRON', 'AUX', 'DET', 'NOUN', 'ADP', 'PROPN', 'PUNCT']	[0, 0, 0, 0, 0, 1, 0]	83e3da1f287e4628b9b96ec37f549407_pert_4	83e3da1f287e4628b9b96ec37f549407	0	-1	-1		1	2	Qual era o compromisso do MEC ?
Qual	PRON	0	83e3da1f287e4628b9b96ec37f549407_pert_5	83e3da1f287e4628b9b96ec37f549407	0	0	0	49	0	0	Qual era o posicionamento do MEC ?
era	AUX	0	83e3da1f287e4628b9b96ec37f549407_pert_5	83e3da1f287e4628b9b96ec37f549407	0	0	1	50	0	0	Qual era o posicionamento do MEC ?
o	DET	0	83e3da1f287e4628b9b96ec37f549407_pert_5	83e3da1f287e4628b9b96ec37f549407	0	0	2	51	0	0	Qual era o posicionamento do MEC ?
posicionamento	NOUN	0	83e3da1f287e4628b9b96ec37f549407_pert_5	83e3da1f287e4628b9b96ec37f549407	0	1	3	52	0	0	Qual era o posicionamento do MEC ?
do	ADP	0	83e3da1f287e4628b9b96ec37f549407_pert_5	83e3da1f287e4628b9b96ec37f549407	0	0	4	53	0	0	Qual era o posicionamento do MEC ?
MEC	PROPN	1	83e3da1f287e4628b9b96ec37f549407_pert_5	83e3da1f287e4628b9b96ec37f549407	0	0	5	54	0	0	Qual era o posicionamento do MEC ?
?	PUNCT	0	83e3da1f287e4628b9b96ec37f549407_pert_5	83e3da1f287e4628b9b96ec37f549407	0	0	6	55	0	0	Qual era o posicionamento do MEC ?
Qual era o posicionamento do MEC ?	['PRON', 'AUX', 'DET', 'NOUN', 'ADP', 'PROPN', 'PUNCT']	[0, 0, 0, 0, 0, 1, 0]	83e3da1f287e4628b9b96ec37f549407_pert_5	83e3da1f287e4628b9b96ec37f549407	0	-1	-1		1	2	Qual era o posicionamento do MEC ?
Qual	PRON	0	83e3da1f287e4628b9b96ec37f549407_pert_6	83e3da1f287e4628b9b96ec37f549407	0	0	0	57	0	0	Qual era o plano do MEC ?
era	AUX	0	83e3da1f287e4628b9b96ec37f549407_pert_6	83e3da1f287e4628b9b96ec37f549407	0	0	1	58	0	0	Qual era o plano do MEC ?
o	DET	0	83e3da1f287e4628b9b96ec37f549407_pert_6	83e3da1f287e4628b9b96ec37f549407	0	0	2	59	0	0	Qual era o plano do MEC ?
plano	NOUN	0	83e3da1f287e4628b9b96ec37f549407_pert_6	83e3da1f287e4628b9b96ec37f549407	0	1	3	60	0	0	Qual era o plano do MEC ?
do	ADP	0	83e3da1f287e4628b9b96ec37f549407_pert_6	83e3da1f287e4628b9b96ec37f549407	0	0	4	61	0	0	Qual era o plano do MEC ?
MEC	PROPN	1	83e3da1f287e4628b9b96ec37f549407_pert_6	83e3da1f287e4628b9b96ec37f549407	0	0	5	62	0	0	Qual era o plano do MEC ?
?	PUNCT	0	83e3da1f287e4628b9b96ec37f549407_pert_6	83e3da1f287e4628b9b96ec37f549407	0	0	6	63	0	0	Qual era o plano do MEC ?
Qual era o plano do MEC ?	['PRON', 'AUX', 'DET', 'NOUN', 'ADP', 'PROPN', 'PUNCT']	[0, 0, 0, 0, 0, 1, 0]	83e3da1f287e4628b9b96ec37f549407_pert_6	83e3da1f287e4628b9b96ec37f549407	0	-1	-1		1	2	Qual era o plano do MEC ?
Qual	PRON	0	83e3da1f287e4628b9b96ec37f549407_pert_7	83e3da1f287e4628b9b96ec37f549407	0	0	0	65	0	0	Qual era o orçamento do MEC ?
era	AUX	0	83e3da1f287e4628b9b96ec37f549407_pert_7	83e3da1f287e4628b9b96ec37f549407	0	0	1	66	0	0	Qual era o orçamento do MEC ?
o	DET	0	83e3da1f287e4628b9b96ec37f549407_pert_7	83e3da1f287e4628b9b96ec37f549407	0	0	2	67	0	0	Qual era o orçamento do MEC ?
orçamento	NOUN	0	83e3da1f287e4628b9b96ec37f549407_pert_7	83e3da1f287e4628b9b96ec37f549407	0	1	3	68	0	0	Qual era o orçamento do MEC ?
do	ADP	0	83e3da1f287e4628b9b96ec37f549407_pert_7	83e3da1f287e4628b9b96ec37f549407	0	0	4	69	0	0	Qual era o orçamento do MEC ?
MEC	PROPN	1	83e3da1f287e4628b9b96ec37f549407_pert_7	83e3da1f287e4628b9b96ec37f549407	0	0	5	70	0	0	Qual era o orçamento do MEC ?
?	PUNCT	0	83e3da1f287e4628b9b96ec37f549407_pert_7	83e3da1f287e4628b9b96ec37f549407	0	0	6	71	0	0	Qual era o orçamento do MEC ?
Qual era o orçamento do MEC ?	['PRON', 'AUX', 'DET', 'NOUN', 'ADP', 'PROPN', 'PUNCT']	[0, 0, 0, 0, 0, 1, 0]	83e3da1f287e4628b9b96ec37f549407_pert_7	83e3da1f287e4628b9b96ec37f549407	0	-1	-1		1	2	Qual era o orçamento do MEC ?
Qual	PRON	0	83e3da1f287e4628b9b96ec37f549407_pert_8	83e3da1f287e4628b9b96ec37f549407	0	0	0	73	0	0	Qual era o problema do MEC ?
era	AUX	0	83e3da1f287e4628b9b96ec37f549407_pert_8	83e3da1f287e4628b9b96ec37f549407	0	0	1	74	0	0	Qual era o problema do MEC ?
o	DET	0	83e3da1f287e4628b9b96ec37f549407_pert_8	83e3da1f287e4628b9b96ec37f549407	0	0	2	75	0	0	Qual era o problema do MEC ?
problema	NOUN	0	83e3da1f287e4628b9b96ec37f549407_pert_8	83e3da1f287e4628b9b96ec37f549407	0	1	3	76	0	0	Qual era o problema do MEC ?
do	ADP	0	83e3da1f287e4628b9b96ec37f549407_pert_8	83e3da1f287e4628b9b96ec37f549407	0	0	4	77	0	0	Qual era o problema do MEC ?
MEC	PROPN	1	83e3da1f287e4628b9b96ec37f549407_pert_8	83e3da1f287e4628b9b96ec37f549407	0	0	5	78	0	0	Qual era o problema do MEC ?
?	PUNCT	0	83e3da1f287e4628b9b96ec37f549407_pert_8	83e3da1f287e4628b9b96ec37f549407	0	0	6	79	0	0	Qual era o problema do MEC ?
Qual era o problema do MEC ?	['PRON', 'AUX', 'DET', 'NOUN', 'ADP', 'PROPN', 'PUNCT']	[0, 0, 0, 0, 0, 1, 0]	83e3da1f287e4628b9b96ec37f549407_pert_8	83e3da1f287e4628b9b96ec37f549407	0	-1	-1		1	2	Qual era o problema do MEC ?
Qual	PRON	0	83e3da1f287e4628b9b96ec37f549407_pert_9	83e3da1f287e4628b9b96ec37f549407	0	0	0	81	0	0	Qual era o discurso do MEC ?
era	AUX	0	83e3da1f287e4628b9b96ec37f549407_pert_9	83e3da1f287e4628b9b96ec37f549407	0	0	1	82	0	0	Qual era o discurso do MEC ?
o	DET	0	83e3da1f287e4628b9b96ec37f549407_pert_9	83e3da1f287e4628b9b96ec37f549407	0	0	2	83	0	0	Qual era o discurso do MEC ?
discurso	NOUN	0	83e3da1f287e4628b9b96ec37f549407_pert_9	83e3da1f287e4628b9b96ec37f549407	0	1	3	84	0	0	Qual era o discurso do MEC ?
do	ADP	0	83e3da1f287e4628b9b96ec37f549407_pert_9	83e3da1f287e4628b9b96ec37f549407	0	0	4	85	0	0	Qual era o discurso do MEC ?
MEC	PROPN	1	83e3da1f287e4628b9b96ec37f549407_pert_9	83e3da1f287e4628b9b96ec37f549407	0	0	5	86	0	0	Qual era o discurso do MEC ?
?	PUNCT	0	83e3da1f287e4628b9b96ec37f549407_pert_9	83e3da1f287e4628b9b96ec37f549407	0	0	6	87	0	0	Qual era o discurso do MEC ?
Qual era o discurso do MEC ?	['PRON', 'AUX', 'DET', 'NOUN', 'ADP', 'PROPN', 'PUNCT']	[0, 0, 0, 0, 0, 1, 0]	83e3da1f287e4628b9b96ec37f549407_pert_9	83e3da1f287e4628b9b96ec37f549407	0	-1	-1		1	2	Qual era o discurso do MEC ?
Qual	PRON	0	83e3da1f287e4628b9b96ec37f549407_pert_10	83e3da1f287e4628b9b96ec37f549407	0	0	0	89	0	0	Qual era o programa do MEC ?
era	AUX	0	83e3da1f287e4628b9b96ec37f549407_pert_10	83e3da1f287e4628b9b96ec37f549407	0	0	1	90	0	0	Qual era o programa do MEC ?
o	DET	0	83e3da1f287e4628b9b96ec37f549407_pert_10	83e3da1f287e4628b9b96ec37f549407	0	0	2	91	0	0	Qual era o programa do MEC ?
programa	NOUN	0	83e3da1f287e4628b9b96ec37f549407_pert_10	83e3da1f287e4628b9b96ec37f549407	0	1	3	92	0	0	Qual era o programa do MEC ?
do	ADP	0	83e3da1f287e4628b9b96ec37f549407_pert_10	83e3da1f287e4628b9b96ec37f549407	0	0	4	93	0	0	Qual era o programa do MEC ?
MEC	PROPN	1	83e3da1f287e4628b9b96ec37f549407_pert_10	83e3da1f287e4628b9b96ec37f549407	0	0	5	94	0	0	Qual era o programa do MEC ?
?	PUNCT	0	83e3da1f287e4628b9b96ec37f549407_pert_10	83e3da1f287e4628b9b96ec37f549407	0	0	6	95	0	0	Qual era o programa do MEC ?
Qual era o programa do MEC ?	['PRON', 'AUX', 'DET', 'NOUN', 'ADP', 'PROPN', 'PUNCT']	[0, 0, 0, 0, 0, 1, 0]	83e3da1f287e4628b9b96ec37f549407_pert_10	83e3da1f287e4628b9b96ec37f549407	0	-1	-1		1	2	Qual era o programa do MEC ?
Qual	PRON	0	83e3da1f287e4628b9b96ec37f549407_pert_11	83e3da1f287e4628b9b96ec37f549407	0	0	0	97	0	0	Qual era o critério do MEC ?
era	AUX	0	83e3da1f287e4628b9b96ec37f549407_pert_11	83e3da1f287e4628b9b96ec37f549407	0	0	1	98	0	0	Qual era o critério do MEC ?
o	DET	0	83e3da1f287e4628b9b96ec37f549407_pert_11	83e3da1f287e4628b9b96ec37f549407	0	0	2	99	0	0	Qual era o critério do MEC ?
critério	NOUN	0	83e3da1f287e4628b9b96ec37f549407_pert_11	83e3da1f287e4628b9b96ec37f549407	0	1	3	100	0	0	Qual era o critério do MEC ?
do	ADP	0	83e3da1f287e4628b9b96ec37f549407_pert_11	83e3da1f287e4628b9b96ec37f549407	0	0	4	101	0	0	Qual era o critério do MEC ?
MEC	PROPN	1	83e3da1f287e4628b9b96ec37f549407_pert_11	83e3da1f287e4628b9b96ec37f549407	0	0	5	102	0	0	Qual era o critério do MEC ?
?	PUNCT	0	83e3da1f287e4628b9b96ec37f549407_pert_11	83e3da1f287e4628b9b96ec37f549407	0	0	6	103	0	0	Qual era o critério do MEC ?
Qual era o critério do MEC ?	['PRON', 'AUX', 'DET', 'NOUN', 'ADP', 'PROPN', 'PUNCT']	[0, 0, 0, 0, 0, 1, 0]	83e3da1f287e4628b9b96ec37f549407_pert_11	83e3da1f287e4628b9b96ec37f549407	0	-1	-1		1	2	Qual era o critério do MEC ?
Qual	PRON	0	83e3da1f287e4628b9b96ec37f549407_pert_12	83e3da1f287e4628b9b96ec37f549407	0	0	0	105	0	0	Qual era o entendimento do MEC ?
era	AUX	0	83e3da1f287e4628b9b96ec37f549407_pert_12	83e3da1f287e4628b9b96ec37f549407	0	0	1	106	0	0	Qual era o entendimento do MEC ?
o	DET	0	83e3da1f287e4628b9b96ec37f549407_pert_12	83e3da1f287e4628b9b96ec37f549407	0	0	2	107	0	0	Qual era o entendimento do MEC ?
entendimento	NOUN	0	83e3da1f287e4628b9b96ec37f549407_pert_12	83e3da1f287e4628b9b96ec37f549407	0	1	3	108	0	0	Qual era o entendimento do MEC ?
do	ADP	0	83e3da1f287e4628b9b96ec37f549407_pert_12	83e3da1f287e4628b9b96ec37f549407	0	0	4	109	0	0	Qual era o entendimento do MEC ?
MEC	PROPN	1	83e3da1f287e4628b9b96ec37f549407_pert_12	83e3da1f287e4628b9b96ec37f549407	0	0	5	110	0	0	Qual era o entendimento do MEC ?
?	PUNCT	0	83e3da1f287e4628b9b96ec37f549407_pert_12	83e3da1f287e4628b9b96ec37f549407	0	0	6	111	0	0	Qual era o entendimento do MEC ?
Qual era o entendimento do MEC ?	['PRON', 'AUX', 'DET', 'NOUN', 'ADP', 'PROPN', 'PUNCT']	[0, 0, 0, 0, 0, 1, 0]	83e3da1f287e4628b9b96ec37f549407_pert_12	83e3da1f287e4628b9b96ec37f549407	0	-1	-1		1	2	Qual era o entendimento do MEC ?
Qual	PRON	0	83e3da1f287e4628b9b96ec37f549407_pert_13	83e3da1f287e4628b9b96ec37f549407	0	0	0	113	0	0	Qual era o pensamento do MEC ?
era	AUX	0	83e3da1f287e4628b9b96ec37f549407_pert_13	83e3da1f287e4628b9b96ec37f549407	0	0	1	114	0	0	Qual era o pensamento do MEC ?
o	DET	0	83e3da1f287e4628b9b96ec37f549407_pert_13	83e3da1f287e4628b9b96ec37f549407	0	0	2	115	0	0	Qual era o pensamento do MEC ?
pensamento	NOUN	0	83e3da1f287e4628b9b96ec37f549407_pert_13	83e3da1f287e4628b9b96ec37f549407	0	1	3	116	0	0	Qual era o pensamento do MEC ?
do	ADP	0	83e3da1f287e4628b9b96ec37f549407_pert_13	83e3da1f287e4628b9b96ec37f549407	0	0	4	117	0	0	Qual era o pensamento do MEC ?
MEC	PROPN	1	83e3da1f287e4628b9b96ec37f549407_pert_13	83e3da1f287e4628b9b96ec37f549407	0	0	5	118	0	0	Qual era o pensamento do MEC ?
?	PUNCT	0	83e3da1f287e4628b9b96ec37f549407_pert_13	83e3da1f287e4628b9b96ec37f549407	0	0	6	119	0	0	Qual era o pensamento do MEC ?
Qual era o pensamento do MEC ?	['PRON', 'AUX', 'DET', 'NOUN', 'ADP', 'PROPN', 'PUNCT']	[0, 0, 0, 0, 0, 1, 0]	83e3da1f287e4628b9b96ec37f549407_pert_13	83e3da1f287e4628b9b96ec37f549407	0	-1	-1		1	2	Qual era o pensamento do MEC ?
Qual	PRON	0	83e3da1f287e4628b9b96ec37f549407_pert_14	83e3da1f287e4628b9b96ec37f549407	0	0	0	121	0	0	Qual era o argumento do MEC ?
era	AUX	0	83e3da1f287e4628b9b96ec37f549407_pert_14	83e3da1f287e4628b9b96ec37f549407	0	0	1	122	0	0	Qual era o argumento do MEC ?
o	DET	0	83e3da1f287e4628b9b96ec37f549407_pert_14	83e3da1f287e4628b9b96ec37f549407	0	0	2	123	0	0	Qual era o argumento do MEC ?
argumento	NOUN	0	83e3da1f287e4628b9b96ec37f549407_pert_14	83e3da1f287e4628b9b96ec37f549407	0	1	3	124	0	0	Qual era o argumento do MEC ?
do	ADP	0	83e3da1f287e4628b9b96ec37f549407_pert_14	83e3da1f287e4628b9b96ec37f549407	0	0	4	125	0	0	Qual era o argumento do MEC ?
MEC	PROPN	1	83e3da1f287e4628b9b96ec37f549407_pert_14	83e3da1f287e4628b9b96ec37f549407	0	0	5	126	0	0	Qual era o argumento do MEC ?
?	PUNCT	0	83e3da1f287e4628b9b96ec37f549407_pert_14	83e3da1f287e4628b9b96ec37f549407	0	0	6	127	0	0	Qual era o argumento do MEC ?
Qual era o argumento do MEC ?	['PRON', 'AUX', 'DET', 'NOUN', 'ADP', 'PROPN', 'PUNCT']	[0, 0, 0, 0, 0, 1, 0]	83e3da1f287e4628b9b96ec37f549407_pert_14	83e3da1f287e4628b9b96ec37f549407	0	-1	-1		1	2	Qual era o argumento do MEC ?
Qual	PRON	0	83e3da1f287e4628b9b96ec37f549407_pert_15	83e3da1f287e4628b9b96ec37f549407	0	0	0	129	0	0	Qual era o parecer do MEC ?
era	AUX	0	83e3da1f287e4628b9b96ec37f549407_pert_15	83e3da1f287e4628b9b96ec37f549407	0	0	1	130	0	0	Qual era o parecer do MEC ?
o	DET	0	83e3da1f287e4628b9b96ec37f549407_pert_15	83e3da1f287e4628b9b96ec37f549407	0	0	2	131	0	0	Qual era o parecer do MEC ?
parecer	NOUN	0	83e3da1f287e4628b9b96ec37f549407_pert_15	83e3da1f287e4628b9b96ec37f549407	0	1	3	132	0	0	Qual era o parecer do MEC ?
do	ADP	0	83e3da1f287e4628b9b96ec37f549407_pert_15	83e3da1f287e4628b9b96ec37f549407	0	0	4	133	0	0	Qual era o parecer do MEC ?
MEC	PROPN	1	83e3da1f287e4628b9b96ec37f549407_pert_15	83e3da1f287e4628b9b96ec37f549407	0	0	5	134	0	0	Qual era o parecer do MEC ?
?	PUNCT	0	83e3da1f287e4628b9b96ec37f549407_pert_15	83e3da1f287e4628b9b96ec37f549407	0	0	6	135	0	0	Qual era o parecer do MEC ?
Qual era o parecer do MEC ?	['PRON', 'AUX', 'DET', 'NOUN', 'ADP', 'PROPN', 'PUNCT']	[0, 0, 0, 0, 0, 1, 0]	83e3da1f287e4628b9b96ec37f549407_pert_15	83e3da1f287e4628b9b96ec37f549407	0	-1	-1		1	2	Qual era o parecer do MEC ?
Qual	PRON	0	83e3da1f287e4628b9b96ec37f549407_pert_16	83e3da1f287e4628b9b96ec37f549407	0	0	0	137	0	0	Qual era o apoio do MEC ?
era	AUX	0	83e3da1f287e4628b9b96ec37f549407_pert_16	83e3da1f287e4628b9b96ec37f549407	0	0	1	138	0	0	Qual era o apoio do MEC ?
o	DET	0	83e3da1f287e4628b9b96ec37f549407_pert_16	83e3da1f287e4628b9b96ec37f549407	0	0	2	139	0	0	Qual era o apoio do MEC ?
apoio	NOUN	0	83e3da1f287e4628b9b96ec37f549407_pert_16	83e3da1f287e4628b9b96ec37f549407	0	1	3	140	0	0	Qual era o apoio do MEC ?
do	ADP	0	83e3da1f287e4628b9b96ec37f549407_pert_16	83e3da1f287e4628b9b96ec37f549407	0	0	4	141	0	0	Qual era o apoio do MEC ?
MEC	PROPN	1	83e3da1f287e4628b9b96ec37f549407_pert_16	83e3da1f287e4628b9b96ec37f549407	0	0	5	142	0	0	Qual era o apoio do MEC ?
?	PUNCT	0	83e3da1f287e4628b9b96ec37f549407_pert_16	83e3da1f287e4628b9b96ec37f549407	0	0	6	143	0	0	Qual era o apoio do MEC ?
Qual era o apoio do MEC ?	['PRON', 'AUX', 'DET', 'NOUN', 'ADP', 'PROPN', 'PUNCT']	[0, 0, 0, 0, 0, 1, 0]	83e3da1f287e4628b9b96ec37f549407_pert_16	83e3da1f287e4628b9b96ec37f549407	0	-1	-1		1	2	Qual era o apoio do MEC ?
Qual	PRON	0	83e3da1f287e4628b9b96ec37f549407_pert_17	83e3da1f287e4628b9b96ec37f549407	0	0	0	145	0	0	Qual era o planejamento do MEC ?
era	AUX	0	83e3da1f287e4628b9b96ec37f549407_pert_17	83e3da1f287e4628b9b96ec37f549407	0	0	1	146	0	0	Qual era o planejamento do MEC ?
o	DET	0	83e3da1f287e4628b9b96ec37f549407_pert_17	83e3da1f287e4628b9b96ec37f549407	0	0	2	147	0	0	Qual era o planejamento do MEC ?
planejamento	NOUN	0	83e3da1f287e4628b9b96ec37f549407_pert_17	83e3da1f287e4628b9b96ec37f549407	0	1	3	148	0	0	Qual era o planejamento do MEC ?
do	ADP	0	83e3da1f287e4628b9b96ec37f549407_pert_17	83e3da1f287e4628b9b96ec37f549407	0	0	4	149	0	0	Qual era o planejamento do MEC ?
MEC	PROPN	1	83e3da1f287e4628b9b96ec37f549407_pert_17	83e3da1f287e4628b9b96ec37f549407	0	0	5	150	0	0	Qual era o planejamento do MEC ?
?	PUNCT	0	83e3da1f287e4628b9b96ec37f549407_pert_17	83e3da1f287e4628b9b96ec37f549407	0	0	6	151	0	0	Qual era o planejamento do MEC ?
Qual era o planejamento do MEC ?	['PRON', 'AUX', 'DET', 'NOUN', 'ADP', 'PROPN', 'PUNCT']	[0, 0, 0, 0, 0, 1, 0]	83e3da1f287e4628b9b96ec37f549407_pert_17	83e3da1f287e4628b9b96ec37f549407	0	-1	-1		1	2	Qual era o planejamento do MEC ?
Qual	PRON	0	83e3da1f287e4628b9b96ec37f549407_pert_18	83e3da1f287e4628b9b96ec37f549407	0	0	0	153	0	0	Qual era o perfil do MEC ?
era	AUX	0	83e3da1f287e4628b9b96ec37f549407_pert_18	83e3da1f287e4628b9b96ec37f549407	0	0	1	154	0	0	Qual era o perfil do MEC ?
o	DET	0	83e3da1f287e4628b9b96ec37f549407_pert_18	83e3da1f287e4628b9b96ec37f549407	0	0	2	155	0	0	Qual era o perfil do MEC ?
perfil	NOUN	0	83e3da1f287e4628b9b96ec37f549407_pert_18	83e3da1f287e4628b9b96ec37f549407	0	1	3	156	0	0	Qual era o perfil do MEC ?
do	ADP	0	83e3da1f287e4628b9b96ec37f549407_pert_18	83e3da1f287e4628b9b96ec37f549407	0	0	4	157	0	0	Qual era o perfil do MEC ?
MEC	PROPN	1	83e3da1f287e4628b9b96ec37f549407_pert_18	83e3da1f287e4628b9b96ec37f549407	0	0	5	158	0	0	Qual era o perfil do MEC ?
?	PUNCT	0	83e3da1f287e4628b9b96ec37f549407_pert_18	83e3da1f287e4628b9b96ec37f549407	0	0	6	159	0	0	Qual era o perfil do MEC ?
Qual era o perfil do MEC ?	['PRON', 'AUX', 'DET', 'NOUN', 'ADP', 'PROPN', 'PUNCT']	[0, 0, 0, 0, 0, 1, 0]	83e3da1f287e4628b9b96ec37f549407_pert_18	83e3da1f287e4628b9b96ec37f549407	0	-1	-1		1	2	Qual era o perfil do MEC ?
Qual	PRON	0	83e3da1f287e4628b9b96ec37f549407_pert_19	83e3da1f287e4628b9b96ec37f549407	0	0	0	161	0	0	Qual era o propósito do MEC ?
era	AUX	0	83e3da1f287e4628b9b96ec37f549407_pert_19	83e3da1f287e4628b9b96ec37f549407	0	0	1	162	0	0	Qual era o propósito do MEC ?
o	DET	0	83e3da1f287e4628b9b96ec37f549407_pert_19	83e3da1f287e4628b9b96ec37f549407	0	0	2	163	0	0	Qual era o propósito do MEC ?
propósito	NOUN	0	83e3da1f287e4628b9b96ec37f549407_pert_19	83e3da1f287e4628b9b96ec37f549407	0	1	3	164	0	0	Qual era o propósito do MEC ?
do	ADP	0	83e3da1f287e4628b9b96ec37f549407_pert_19	83e3da1f287e4628b9b96ec37f549407	0	0	4	165	0	0	Qual era o propósito do MEC ?
MEC	PROPN	1	83e3da1f287e4628b9b96ec37f549407_pert_19	83e3da1f287e4628b9b96ec37f549407	0	0	5	166	0	0	Qual era o propósito do MEC ?
?	PUNCT	0	83e3da1f287e4628b9b96ec37f549407_pert_19	83e3da1f287e4628b9b96ec37f549407	0	0	6	167	0	0	Qual era o propósito do MEC ?
Qual era o propósito do MEC ?	['PRON', 'AUX', 'DET', 'NOUN', 'ADP', 'PROPN', 'PUNCT']	[0, 0, 0, 0, 0, 1, 0]	83e3da1f287e4628b9b96ec37f549407_pert_19	83e3da1f287e4628b9b96ec37f549407	0	-1	-1		1	2	Qual era o propósito do MEC ?
