Token	POS-Tag	OOV	Id	Origem	Classe	Perturbada	Index	Sentence
Where	SCONJ	0	56d370aa59d6e414001463c2	56d370aa59d6e414001463c2	1	0	0	Where was Christina Christian at when she was eliminated from the show ?
was	AUX	0	56d370aa59d6e414001463c2	56d370aa59d6e414001463c2	1	0	1	Where was Christina Christian at when she was eliminated from the show ?
Christina	PROPN	0	56d370aa59d6e414001463c2	56d370aa59d6e414001463c2	1	0	2	Where was Christina Christian at when she was eliminated from the show ?
Christian	PROPN	0	56d370aa59d6e414001463c2	56d370aa59d6e414001463c2	1	0	3	Where was Christina Christian at when she was eliminated from the show ?
at	ADP	0	56d370aa59d6e414001463c2	56d370aa59d6e414001463c2	1	0	4	Where was Christina Christian at when she was eliminated from the show ?
when	SCONJ	0	56d370aa59d6e414001463c2	56d370aa59d6e414001463c2	1	0	5	Where was Christina Christian at when she was eliminated from the show ?
she	PRON	0	56d370aa59d6e414001463c2	56d370aa59d6e414001463c2	1	0	6	Where was Christina Christian at when she was eliminated from the show ?
was	AUX	0	56d370aa59d6e414001463c2	56d370aa59d6e414001463c2	1	0	7	Where was Christina Christian at when she was eliminated from the show ?
eliminated	VERB	0	56d370aa59d6e414001463c2	56d370aa59d6e414001463c2	1	1	8	Where was Christina Christian at when she was eliminated from the show ?
from	ADP	0	56d370aa59d6e414001463c2	56d370aa59d6e414001463c2	1	0	9	Where was Christina Christian at when she was eliminated from the show ?
the	DET	0	56d370aa59d6e414001463c2	56d370aa59d6e414001463c2	1	0	10	Where was Christina Christian at when she was eliminated from the show ?
show	NOUN	0	56d370aa59d6e414001463c2	56d370aa59d6e414001463c2	1	0	11	Where was Christina Christian at when she was eliminated from the show ?
?	PUNCT	0	56d370aa59d6e414001463c2	56d370aa59d6e414001463c2	1	0	12	Where was Christina Christian at when she was eliminated from the show ?
Where	SCONJ	0	56d370aa59d6e414001463c2_pert_0	56d370aa59d6e414001463c2	0	0	0	Where was Christina Christian at when she was fired from the show ?
was	AUX	0	56d370aa59d6e414001463c2_pert_0	56d370aa59d6e414001463c2	0	0	1	Where was Christina Christian at when she was fired from the show ?
Christina	PROPN	0	56d370aa59d6e414001463c2_pert_0	56d370aa59d6e414001463c2	0	0	2	Where was Christina Christian at when she was fired from the show ?
Christian	PROPN	0	56d370aa59d6e414001463c2_pert_0	56d370aa59d6e414001463c2	0	0	3	Where was Christina Christian at when she was fired from the show ?
at	ADP	0	56d370aa59d6e414001463c2_pert_0	56d370aa59d6e414001463c2	0	0	4	Where was Christina Christian at when she was fired from the show ?
when	SCONJ	0	56d370aa59d6e414001463c2_pert_0	56d370aa59d6e414001463c2	0	0	5	Where was Christina Christian at when she was fired from the show ?
she	PRON	0	56d370aa59d6e414001463c2_pert_0	56d370aa59d6e414001463c2	0	0	6	Where was Christina Christian at when she was fired from the show ?
was	AUX	0	56d370aa59d6e414001463c2_pert_0	56d370aa59d6e414001463c2	0	0	7	Where was Christina Christian at when she was fired from the show ?
fired	VERB	0	56d370aa59d6e414001463c2_pert_0	56d370aa59d6e414001463c2	0	1	8	Where was Christina Christian at when she was fired from the show ?
from	ADP	0	56d370aa59d6e414001463c2_pert_0	56d370aa59d6e414001463c2	0	0	9	Where was Christina Christian at when she was fired from the show ?
the	DET	0	56d370aa59d6e414001463c2_pert_0	56d370aa59d6e414001463c2	0	0	10	Where was Christina Christian at when she was fired from the show ?
show	NOUN	0	56d370aa59d6e414001463c2_pert_0	56d370aa59d6e414001463c2	0	0	11	Where was Christina Christian at when she was fired from the show ?
?	PUNCT	0	56d370aa59d6e414001463c2_pert_0	56d370aa59d6e414001463c2	0	0	12	Where was Christina Christian at when she was fired from the show ?
Where	SCONJ	0	56d370aa59d6e414001463c2_pert_1	56d370aa59d6e414001463c2	0	0	0	Where was Christina Christian at when she was absent from the show ?
was	AUX	0	56d370aa59d6e414001463c2_pert_1	56d370aa59d6e414001463c2	0	0	1	Where was Christina Christian at when she was absent from the show ?
Christina	PROPN	0	56d370aa59d6e414001463c2_pert_1	56d370aa59d6e414001463c2	0	0	2	Where was Christina Christian at when she was absent from the show ?
Christian	PROPN	0	56d370aa59d6e414001463c2_pert_1	56d370aa59d6e414001463c2	0	0	3	Where was Christina Christian at when she was absent from the show ?
at	ADP	0	56d370aa59d6e414001463c2_pert_1	56d370aa59d6e414001463c2	0	0	4	Where was Christina Christian at when she was absent from the show ?
when	SCONJ	0	56d370aa59d6e414001463c2_pert_1	56d370aa59d6e414001463c2	0	0	5	Where was Christina Christian at when she was absent from the show ?
she	PRON	0	56d370aa59d6e414001463c2_pert_1	56d370aa59d6e414001463c2	0	0	6	Where was Christina Christian at when she was absent from the show ?
was	AUX	0	56d370aa59d6e414001463c2_pert_1	56d370aa59d6e414001463c2	0	0	7	Where was Christina Christian at when she was absent from the show ?
absent	ADJ	0	56d370aa59d6e414001463c2_pert_1	56d370aa59d6e414001463c2	0	1	8	Where was Christina Christian at when she was absent from the show ?
from	ADP	0	56d370aa59d6e414001463c2_pert_1	56d370aa59d6e414001463c2	0	0	9	Where was Christina Christian at when she was absent from the show ?
the	DET	0	56d370aa59d6e414001463c2_pert_1	56d370aa59d6e414001463c2	0	0	10	Where was Christina Christian at when she was absent from the show ?
show	NOUN	0	56d370aa59d6e414001463c2_pert_1	56d370aa59d6e414001463c2	0	0	11	Where was Christina Christian at when she was absent from the show ?
?	PUNCT	0	56d370aa59d6e414001463c2_pert_1	56d370aa59d6e414001463c2	0	0	12	Where was Christina Christian at when she was absent from the show ?
Where	SCONJ	0	56d370aa59d6e414001463c2_pert_2	56d370aa59d6e414001463c2	0	0	0	Where was Christina Christian at when she was gone from the show ?
was	AUX	0	56d370aa59d6e414001463c2_pert_2	56d370aa59d6e414001463c2	0	0	1	Where was Christina Christian at when she was gone from the show ?
Christina	PROPN	0	56d370aa59d6e414001463c2_pert_2	56d370aa59d6e414001463c2	0	0	2	Where was Christina Christian at when she was gone from the show ?
Christian	PROPN	0	56d370aa59d6e414001463c2_pert_2	56d370aa59d6e414001463c2	0	0	3	Where was Christina Christian at when she was gone from the show ?
at	ADP	0	56d370aa59d6e414001463c2_pert_2	56d370aa59d6e414001463c2	0	0	4	Where was Christina Christian at when she was gone from the show ?
when	SCONJ	0	56d370aa59d6e414001463c2_pert_2	56d370aa59d6e414001463c2	0	0	5	Where was Christina Christian at when she was gone from the show ?
she	PRON	0	56d370aa59d6e414001463c2_pert_2	56d370aa59d6e414001463c2	0	0	6	Where was Christina Christian at when she was gone from the show ?
was	AUX	0	56d370aa59d6e414001463c2_pert_2	56d370aa59d6e414001463c2	0	0	7	Where was Christina Christian at when she was gone from the show ?
gone	VERB	0	56d370aa59d6e414001463c2_pert_2	56d370aa59d6e414001463c2	0	1	8	Where was Christina Christian at when she was gone from the show ?
from	ADP	0	56d370aa59d6e414001463c2_pert_2	56d370aa59d6e414001463c2	0	0	9	Where was Christina Christian at when she was gone from the show ?
the	DET	0	56d370aa59d6e414001463c2_pert_2	56d370aa59d6e414001463c2	0	0	10	Where was Christina Christian at when she was gone from the show ?
show	NOUN	0	56d370aa59d6e414001463c2_pert_2	56d370aa59d6e414001463c2	0	0	11	Where was Christina Christian at when she was gone from the show ?
?	PUNCT	0	56d370aa59d6e414001463c2_pert_2	56d370aa59d6e414001463c2	0	0	12	Where was Christina Christian at when she was gone from the show ?
Where	SCONJ	0	56d370aa59d6e414001463c2_pert_3	56d370aa59d6e414001463c2	0	0	0	Where was Christina Christian at when she was away from the show ?
was	AUX	0	56d370aa59d6e414001463c2_pert_3	56d370aa59d6e414001463c2	0	0	1	Where was Christina Christian at when she was away from the show ?
Christina	PROPN	0	56d370aa59d6e414001463c2_pert_3	56d370aa59d6e414001463c2	0	0	2	Where was Christina Christian at when she was away from the show ?
Christian	PROPN	0	56d370aa59d6e414001463c2_pert_3	56d370aa59d6e414001463c2	0	0	3	Where was Christina Christian at when she was away from the show ?
at	ADP	0	56d370aa59d6e414001463c2_pert_3	56d370aa59d6e414001463c2	0	0	4	Where was Christina Christian at when she was away from the show ?
when	SCONJ	0	56d370aa59d6e414001463c2_pert_3	56d370aa59d6e414001463c2	0	0	5	Where was Christina Christian at when she was away from the show ?
she	PRON	0	56d370aa59d6e414001463c2_pert_3	56d370aa59d6e414001463c2	0	0	6	Where was Christina Christian at when she was away from the show ?
was	AUX	0	56d370aa59d6e414001463c2_pert_3	56d370aa59d6e414001463c2	0	0	7	Where was Christina Christian at when she was away from the show ?
away	ADV	0	56d370aa59d6e414001463c2_pert_3	56d370aa59d6e414001463c2	0	1	8	Where was Christina Christian at when she was away from the show ?
from	ADP	0	56d370aa59d6e414001463c2_pert_3	56d370aa59d6e414001463c2	0	0	9	Where was Christina Christian at when she was away from the show ?
the	DET	0	56d370aa59d6e414001463c2_pert_3	56d370aa59d6e414001463c2	0	0	10	Where was Christina Christian at when she was away from the show ?
show	NOUN	0	56d370aa59d6e414001463c2_pert_3	56d370aa59d6e414001463c2	0	0	11	Where was Christina Christian at when she was away from the show ?
?	PUNCT	0	56d370aa59d6e414001463c2_pert_3	56d370aa59d6e414001463c2	0	0	12	Where was Christina Christian at when she was away from the show ?
Where	SCONJ	0	56d370aa59d6e414001463c2_pert_4	56d370aa59d6e414001463c2	0	0	0	Where was Christina Christian at when she was removed from the show ?
was	AUX	0	56d370aa59d6e414001463c2_pert_4	56d370aa59d6e414001463c2	0	0	1	Where was Christina Christian at when she was removed from the show ?
Christina	PROPN	0	56d370aa59d6e414001463c2_pert_4	56d370aa59d6e414001463c2	0	0	2	Where was Christina Christian at when she was removed from the show ?
Christian	PROPN	0	56d370aa59d6e414001463c2_pert_4	56d370aa59d6e414001463c2	0	0	3	Where was Christina Christian at when she was removed from the show ?
at	ADP	0	56d370aa59d6e414001463c2_pert_4	56d370aa59d6e414001463c2	0	0	4	Where was Christina Christian at when she was removed from the show ?
when	SCONJ	0	56d370aa59d6e414001463c2_pert_4	56d370aa59d6e414001463c2	0	0	5	Where was Christina Christian at when she was removed from the show ?
she	PRON	0	56d370aa59d6e414001463c2_pert_4	56d370aa59d6e414001463c2	0	0	6	Where was Christina Christian at when she was removed from the show ?
was	AUX	0	56d370aa59d6e414001463c2_pert_4	56d370aa59d6e414001463c2	0	0	7	Where was Christina Christian at when she was removed from the show ?
removed	VERB	0	56d370aa59d6e414001463c2_pert_4	56d370aa59d6e414001463c2	0	1	8	Where was Christina Christian at when she was removed from the show ?
from	ADP	0	56d370aa59d6e414001463c2_pert_4	56d370aa59d6e414001463c2	0	0	9	Where was Christina Christian at when she was removed from the show ?
the	DET	0	56d370aa59d6e414001463c2_pert_4	56d370aa59d6e414001463c2	0	0	10	Where was Christina Christian at when she was removed from the show ?
show	NOUN	0	56d370aa59d6e414001463c2_pert_4	56d370aa59d6e414001463c2	0	0	11	Where was Christina Christian at when she was removed from the show ?
?	PUNCT	0	56d370aa59d6e414001463c2_pert_4	56d370aa59d6e414001463c2	0	0	12	Where was Christina Christian at when she was removed from the show ?
Where	SCONJ	0	56d370aa59d6e414001463c2_pert_5	56d370aa59d6e414001463c2	0	0	0	Where was Christina Christian at when she was missing from the show ?
was	AUX	0	56d370aa59d6e414001463c2_pert_5	56d370aa59d6e414001463c2	0	0	1	Where was Christina Christian at when she was missing from the show ?
Christina	PROPN	0	56d370aa59d6e414001463c2_pert_5	56d370aa59d6e414001463c2	0	0	2	Where was Christina Christian at when she was missing from the show ?
Christian	PROPN	0	56d370aa59d6e414001463c2_pert_5	56d370aa59d6e414001463c2	0	0	3	Where was Christina Christian at when she was missing from the show ?
at	ADP	0	56d370aa59d6e414001463c2_pert_5	56d370aa59d6e414001463c2	0	0	4	Where was Christina Christian at when she was missing from the show ?
when	SCONJ	0	56d370aa59d6e414001463c2_pert_5	56d370aa59d6e414001463c2	0	0	5	Where was Christina Christian at when she was missing from the show ?
she	PRON	0	56d370aa59d6e414001463c2_pert_5	56d370aa59d6e414001463c2	0	0	6	Where was Christina Christian at when she was missing from the show ?
was	AUX	0	56d370aa59d6e414001463c2_pert_5	56d370aa59d6e414001463c2	0	0	7	Where was Christina Christian at when she was missing from the show ?
missing	VERB	0	56d370aa59d6e414001463c2_pert_5	56d370aa59d6e414001463c2	0	1	8	Where was Christina Christian at when she was missing from the show ?
from	ADP	0	56d370aa59d6e414001463c2_pert_5	56d370aa59d6e414001463c2	0	0	9	Where was Christina Christian at when she was missing from the show ?
the	DET	0	56d370aa59d6e414001463c2_pert_5	56d370aa59d6e414001463c2	0	0	10	Where was Christina Christian at when she was missing from the show ?
show	NOUN	0	56d370aa59d6e414001463c2_pert_5	56d370aa59d6e414001463c2	0	0	11	Where was Christina Christian at when she was missing from the show ?
?	PUNCT	0	56d370aa59d6e414001463c2_pert_5	56d370aa59d6e414001463c2	0	0	12	Where was Christina Christian at when she was missing from the show ?
Where	SCONJ	0	56d370aa59d6e414001463c2_pert_6	56d370aa59d6e414001463c2	0	0	0	Where was Christina Christian at when she was pulled from the show ?
was	AUX	0	56d370aa59d6e414001463c2_pert_6	56d370aa59d6e414001463c2	0	0	1	Where was Christina Christian at when she was pulled from the show ?
Christina	PROPN	0	56d370aa59d6e414001463c2_pert_6	56d370aa59d6e414001463c2	0	0	2	Where was Christina Christian at when she was pulled from the show ?
Christian	PROPN	0	56d370aa59d6e414001463c2_pert_6	56d370aa59d6e414001463c2	0	0	3	Where was Christina Christian at when she was pulled from the show ?
at	ADP	0	56d370aa59d6e414001463c2_pert_6	56d370aa59d6e414001463c2	0	0	4	Where was Christina Christian at when she was pulled from the show ?
when	SCONJ	0	56d370aa59d6e414001463c2_pert_6	56d370aa59d6e414001463c2	0	0	5	Where was Christina Christian at when she was pulled from the show ?
she	PRON	0	56d370aa59d6e414001463c2_pert_6	56d370aa59d6e414001463c2	0	0	6	Where was Christina Christian at when she was pulled from the show ?
was	AUX	0	56d370aa59d6e414001463c2_pert_6	56d370aa59d6e414001463c2	0	0	7	Where was Christina Christian at when she was pulled from the show ?
pulled	VERB	0	56d370aa59d6e414001463c2_pert_6	56d370aa59d6e414001463c2	0	1	8	Where was Christina Christian at when she was pulled from the show ?
from	ADP	0	56d370aa59d6e414001463c2_pert_6	56d370aa59d6e414001463c2	0	0	9	Where was Christina Christian at when she was pulled from the show ?
the	DET	0	56d370aa59d6e414001463c2_pert_6	56d370aa59d6e414001463c2	0	0	10	Where was Christina Christian at when she was pulled from the show ?
show	NOUN	0	56d370aa59d6e414001463c2_pert_6	56d370aa59d6e414001463c2	0	0	11	Where was Christina Christian at when she was pulled from the show ?
?	PUNCT	0	56d370aa59d6e414001463c2_pert_6	56d370aa59d6e414001463c2	0	0	12	Where was Christina Christian at when she was pulled from the show ?
Where	SCONJ	0	56d370aa59d6e414001463c2_pert_7	56d370aa59d6e414001463c2	0	0	0	Where was Christina Christian at when she was dismissed from the show ?
was	AUX	0	56d370aa59d6e414001463c2_pert_7	56d370aa59d6e414001463c2	0	0	1	Where was Christina Christian at when she was dismissed from the show ?
Christina	PROPN	0	56d370aa59d6e414001463c2_pert_7	56d370aa59d6e414001463c2	0	0	2	Where was Christina Christian at when she was dismissed from the show ?
Christian	PROPN	0	56d370aa59d6e414001463c2_pert_7	56d370aa59d6e414001463c2	0	0	3	Where was Christina Christian at when she was dismissed from the show ?
at	ADP	0	56d370aa59d6e414001463c2_pert_7	56d370aa59d6e414001463c2	0	0	4	Where was Christina Christian at when she was dismissed from the show ?
when	SCONJ	0	56d370aa59d6e414001463c2_pert_7	56d370aa59d6e414001463c2	0	0	5	Where was Christina Christian at when she was dismissed from the show ?
she	PRON	0	56d370aa59d6e414001463c2_pert_7	56d370aa59d6e414001463c2	0	0	6	Where was Christina Christian at when she was dismissed from the show ?
was	AUX	0	56d370aa59d6e414001463c2_pert_7	56d370aa59d6e414001463c2	0	0	7	Where was Christina Christian at when she was dismissed from the show ?
dismissed	VERB	0	56d370aa59d6e414001463c2_pert_7	56d370aa59d6e414001463c2	0	1	8	Where was Christina Christian at when she was dismissed from the show ?
from	ADP	0	56d370aa59d6e414001463c2_pert_7	56d370aa59d6e414001463c2	0	0	9	Where was Christina Christian at when she was dismissed from the show ?
the	DET	0	56d370aa59d6e414001463c2_pert_7	56d370aa59d6e414001463c2	0	0	10	Where was Christina Christian at when she was dismissed from the show ?
show	NOUN	0	56d370aa59d6e414001463c2_pert_7	56d370aa59d6e414001463c2	0	0	11	Where was Christina Christian at when she was dismissed from the show ?
?	PUNCT	0	56d370aa59d6e414001463c2_pert_7	56d370aa59d6e414001463c2	0	0	12	Where was Christina Christian at when she was dismissed from the show ?
Where	SCONJ	0	56d370aa59d6e414001463c2_pert_8	56d370aa59d6e414001463c2	0	0	0	Where was Christina Christian at when she was ejected from the show ?
was	AUX	0	56d370aa59d6e414001463c2_pert_8	56d370aa59d6e414001463c2	0	0	1	Where was Christina Christian at when she was ejected from the show ?
Christina	PROPN	0	56d370aa59d6e414001463c2_pert_8	56d370aa59d6e414001463c2	0	0	2	Where was Christina Christian at when she was ejected from the show ?
Christian	PROPN	0	56d370aa59d6e414001463c2_pert_8	56d370aa59d6e414001463c2	0	0	3	Where was Christina Christian at when she was ejected from the show ?
at	ADP	0	56d370aa59d6e414001463c2_pert_8	56d370aa59d6e414001463c2	0	0	4	Where was Christina Christian at when she was ejected from the show ?
when	SCONJ	0	56d370aa59d6e414001463c2_pert_8	56d370aa59d6e414001463c2	0	0	5	Where was Christina Christian at when she was ejected from the show ?
she	PRON	0	56d370aa59d6e414001463c2_pert_8	56d370aa59d6e414001463c2	0	0	6	Where was Christina Christian at when she was ejected from the show ?
was	AUX	0	56d370aa59d6e414001463c2_pert_8	56d370aa59d6e414001463c2	0	0	7	Where was Christina Christian at when she was ejected from the show ?
ejected	VERB	0	56d370aa59d6e414001463c2_pert_8	56d370aa59d6e414001463c2	0	1	8	Where was Christina Christian at when she was ejected from the show ?
from	ADP	0	56d370aa59d6e414001463c2_pert_8	56d370aa59d6e414001463c2	0	0	9	Where was Christina Christian at when she was ejected from the show ?
the	DET	0	56d370aa59d6e414001463c2_pert_8	56d370aa59d6e414001463c2	0	0	10	Where was Christina Christian at when she was ejected from the show ?
show	NOUN	0	56d370aa59d6e414001463c2_pert_8	56d370aa59d6e414001463c2	0	0	11	Where was Christina Christian at when she was ejected from the show ?
?	PUNCT	0	56d370aa59d6e414001463c2_pert_8	56d370aa59d6e414001463c2	0	0	12	Where was Christina Christian at when she was ejected from the show ?
Where	SCONJ	0	56d370aa59d6e414001463c2_pert_9	56d370aa59d6e414001463c2	0	0	0	Where was Christina Christian at when she was dropped from the show ?
was	AUX	0	56d370aa59d6e414001463c2_pert_9	56d370aa59d6e414001463c2	0	0	1	Where was Christina Christian at when she was dropped from the show ?
Christina	PROPN	0	56d370aa59d6e414001463c2_pert_9	56d370aa59d6e414001463c2	0	0	2	Where was Christina Christian at when she was dropped from the show ?
Christian	PROPN	0	56d370aa59d6e414001463c2_pert_9	56d370aa59d6e414001463c2	0	0	3	Where was Christina Christian at when she was dropped from the show ?
at	ADP	0	56d370aa59d6e414001463c2_pert_9	56d370aa59d6e414001463c2	0	0	4	Where was Christina Christian at when she was dropped from the show ?
when	SCONJ	0	56d370aa59d6e414001463c2_pert_9	56d370aa59d6e414001463c2	0	0	5	Where was Christina Christian at when she was dropped from the show ?
she	PRON	0	56d370aa59d6e414001463c2_pert_9	56d370aa59d6e414001463c2	0	0	6	Where was Christina Christian at when she was dropped from the show ?
was	AUX	0	56d370aa59d6e414001463c2_pert_9	56d370aa59d6e414001463c2	0	0	7	Where was Christina Christian at when she was dropped from the show ?
dropped	VERB	0	56d370aa59d6e414001463c2_pert_9	56d370aa59d6e414001463c2	0	1	8	Where was Christina Christian at when she was dropped from the show ?
from	ADP	0	56d370aa59d6e414001463c2_pert_9	56d370aa59d6e414001463c2	0	0	9	Where was Christina Christian at when she was dropped from the show ?
the	DET	0	56d370aa59d6e414001463c2_pert_9	56d370aa59d6e414001463c2	0	0	10	Where was Christina Christian at when she was dropped from the show ?
show	NOUN	0	56d370aa59d6e414001463c2_pert_9	56d370aa59d6e414001463c2	0	0	11	Where was Christina Christian at when she was dropped from the show ?
?	PUNCT	0	56d370aa59d6e414001463c2_pert_9	56d370aa59d6e414001463c2	0	0	12	Where was Christina Christian at when she was dropped from the show ?
Where	SCONJ	0	56d370aa59d6e414001463c2_pert_10	56d370aa59d6e414001463c2	0	0	0	Where was Christina Christian at when she was banned from the show ?
was	AUX	0	56d370aa59d6e414001463c2_pert_10	56d370aa59d6e414001463c2	0	0	1	Where was Christina Christian at when she was banned from the show ?
Christina	PROPN	0	56d370aa59d6e414001463c2_pert_10	56d370aa59d6e414001463c2	0	0	2	Where was Christina Christian at when she was banned from the show ?
Christian	PROPN	0	56d370aa59d6e414001463c2_pert_10	56d370aa59d6e414001463c2	0	0	3	Where was Christina Christian at when she was banned from the show ?
at	ADP	0	56d370aa59d6e414001463c2_pert_10	56d370aa59d6e414001463c2	0	0	4	Where was Christina Christian at when she was banned from the show ?
when	SCONJ	0	56d370aa59d6e414001463c2_pert_10	56d370aa59d6e414001463c2	0	0	5	Where was Christina Christian at when she was banned from the show ?
she	PRON	0	56d370aa59d6e414001463c2_pert_10	56d370aa59d6e414001463c2	0	0	6	Where was Christina Christian at when she was banned from the show ?
was	AUX	0	56d370aa59d6e414001463c2_pert_10	56d370aa59d6e414001463c2	0	0	7	Where was Christina Christian at when she was banned from the show ?
banned	VERB	0	56d370aa59d6e414001463c2_pert_10	56d370aa59d6e414001463c2	0	1	8	Where was Christina Christian at when she was banned from the show ?
from	ADP	0	56d370aa59d6e414001463c2_pert_10	56d370aa59d6e414001463c2	0	0	9	Where was Christina Christian at when she was banned from the show ?
the	DET	0	56d370aa59d6e414001463c2_pert_10	56d370aa59d6e414001463c2	0	0	10	Where was Christina Christian at when she was banned from the show ?
show	NOUN	0	56d370aa59d6e414001463c2_pert_10	56d370aa59d6e414001463c2	0	0	11	Where was Christina Christian at when she was banned from the show ?
?	PUNCT	0	56d370aa59d6e414001463c2_pert_10	56d370aa59d6e414001463c2	0	0	12	Where was Christina Christian at when she was banned from the show ?
Where	SCONJ	0	56d370aa59d6e414001463c2_pert_11	56d370aa59d6e414001463c2	0	0	0	Where was Christina Christian at when she was cut from the show ?
was	AUX	0	56d370aa59d6e414001463c2_pert_11	56d370aa59d6e414001463c2	0	0	1	Where was Christina Christian at when she was cut from the show ?
Christina	PROPN	0	56d370aa59d6e414001463c2_pert_11	56d370aa59d6e414001463c2	0	0	2	Where was Christina Christian at when she was cut from the show ?
Christian	PROPN	0	56d370aa59d6e414001463c2_pert_11	56d370aa59d6e414001463c2	0	0	3	Where was Christina Christian at when she was cut from the show ?
at	ADP	0	56d370aa59d6e414001463c2_pert_11	56d370aa59d6e414001463c2	0	0	4	Where was Christina Christian at when she was cut from the show ?
when	SCONJ	0	56d370aa59d6e414001463c2_pert_11	56d370aa59d6e414001463c2	0	0	5	Where was Christina Christian at when she was cut from the show ?
she	PRON	0	56d370aa59d6e414001463c2_pert_11	56d370aa59d6e414001463c2	0	0	6	Where was Christina Christian at when she was cut from the show ?
was	AUX	0	56d370aa59d6e414001463c2_pert_11	56d370aa59d6e414001463c2	0	0	7	Where was Christina Christian at when she was cut from the show ?
cut	VERB	0	56d370aa59d6e414001463c2_pert_11	56d370aa59d6e414001463c2	0	1	8	Where was Christina Christian at when she was cut from the show ?
from	ADP	0	56d370aa59d6e414001463c2_pert_11	56d370aa59d6e414001463c2	0	0	9	Where was Christina Christian at when she was cut from the show ?
the	DET	0	56d370aa59d6e414001463c2_pert_11	56d370aa59d6e414001463c2	0	0	10	Where was Christina Christian at when she was cut from the show ?
show	NOUN	0	56d370aa59d6e414001463c2_pert_11	56d370aa59d6e414001463c2	0	0	11	Where was Christina Christian at when she was cut from the show ?
?	PUNCT	0	56d370aa59d6e414001463c2_pert_11	56d370aa59d6e414001463c2	0	0	12	Where was Christina Christian at when she was cut from the show ?
Where	SCONJ	0	56d370aa59d6e414001463c2_pert_12	56d370aa59d6e414001463c2	0	0	0	Where was Christina Christian at when she was taken from the show ?
was	AUX	0	56d370aa59d6e414001463c2_pert_12	56d370aa59d6e414001463c2	0	0	1	Where was Christina Christian at when she was taken from the show ?
Christina	PROPN	0	56d370aa59d6e414001463c2_pert_12	56d370aa59d6e414001463c2	0	0	2	Where was Christina Christian at when she was taken from the show ?
Christian	PROPN	0	56d370aa59d6e414001463c2_pert_12	56d370aa59d6e414001463c2	0	0	3	Where was Christina Christian at when she was taken from the show ?
at	ADP	0	56d370aa59d6e414001463c2_pert_12	56d370aa59d6e414001463c2	0	0	4	Where was Christina Christian at when she was taken from the show ?
when	SCONJ	0	56d370aa59d6e414001463c2_pert_12	56d370aa59d6e414001463c2	0	0	5	Where was Christina Christian at when she was taken from the show ?
she	PRON	0	56d370aa59d6e414001463c2_pert_12	56d370aa59d6e414001463c2	0	0	6	Where was Christina Christian at when she was taken from the show ?
was	AUX	0	56d370aa59d6e414001463c2_pert_12	56d370aa59d6e414001463c2	0	0	7	Where was Christina Christian at when she was taken from the show ?
taken	VERB	0	56d370aa59d6e414001463c2_pert_12	56d370aa59d6e414001463c2	0	1	8	Where was Christina Christian at when she was taken from the show ?
from	ADP	0	56d370aa59d6e414001463c2_pert_12	56d370aa59d6e414001463c2	0	0	9	Where was Christina Christian at when she was taken from the show ?
the	DET	0	56d370aa59d6e414001463c2_pert_12	56d370aa59d6e414001463c2	0	0	10	Where was Christina Christian at when she was taken from the show ?
show	NOUN	0	56d370aa59d6e414001463c2_pert_12	56d370aa59d6e414001463c2	0	0	11	Where was Christina Christian at when she was taken from the show ?
?	PUNCT	0	56d370aa59d6e414001463c2_pert_12	56d370aa59d6e414001463c2	0	0	12	Where was Christina Christian at when she was taken from the show ?
Where	SCONJ	0	56d370aa59d6e414001463c2_pert_13	56d370aa59d6e414001463c2	0	0	0	Where was Christina Christian at when she was suspended from the show ?
was	AUX	0	56d370aa59d6e414001463c2_pert_13	56d370aa59d6e414001463c2	0	0	1	Where was Christina Christian at when she was suspended from the show ?
Christina	PROPN	0	56d370aa59d6e414001463c2_pert_13	56d370aa59d6e414001463c2	0	0	2	Where was Christina Christian at when she was suspended from the show ?
Christian	PROPN	0	56d370aa59d6e414001463c2_pert_13	56d370aa59d6e414001463c2	0	0	3	Where was Christina Christian at when she was suspended from the show ?
at	ADP	0	56d370aa59d6e414001463c2_pert_13	56d370aa59d6e414001463c2	0	0	4	Where was Christina Christian at when she was suspended from the show ?
when	SCONJ	0	56d370aa59d6e414001463c2_pert_13	56d370aa59d6e414001463c2	0	0	5	Where was Christina Christian at when she was suspended from the show ?
she	PRON	0	56d370aa59d6e414001463c2_pert_13	56d370aa59d6e414001463c2	0	0	6	Where was Christina Christian at when she was suspended from the show ?
was	AUX	0	56d370aa59d6e414001463c2_pert_13	56d370aa59d6e414001463c2	0	0	7	Where was Christina Christian at when she was suspended from the show ?
suspended	VERB	0	56d370aa59d6e414001463c2_pert_13	56d370aa59d6e414001463c2	0	1	8	Where was Christina Christian at when she was suspended from the show ?
from	ADP	0	56d370aa59d6e414001463c2_pert_13	56d370aa59d6e414001463c2	0	0	9	Where was Christina Christian at when she was suspended from the show ?
the	DET	0	56d370aa59d6e414001463c2_pert_13	56d370aa59d6e414001463c2	0	0	10	Where was Christina Christian at when she was suspended from the show ?
show	NOUN	0	56d370aa59d6e414001463c2_pert_13	56d370aa59d6e414001463c2	0	0	11	Where was Christina Christian at when she was suspended from the show ?
?	PUNCT	0	56d370aa59d6e414001463c2_pert_13	56d370aa59d6e414001463c2	0	0	12	Where was Christina Christian at when she was suspended from the show ?
Where	SCONJ	0	56d370aa59d6e414001463c2_pert_14	56d370aa59d6e414001463c2	0	0	0	Where was Christina Christian at when she was stolen from the show ?
was	AUX	0	56d370aa59d6e414001463c2_pert_14	56d370aa59d6e414001463c2	0	0	1	Where was Christina Christian at when she was stolen from the show ?
Christina	PROPN	0	56d370aa59d6e414001463c2_pert_14	56d370aa59d6e414001463c2	0	0	2	Where was Christina Christian at when she was stolen from the show ?
Christian	PROPN	0	56d370aa59d6e414001463c2_pert_14	56d370aa59d6e414001463c2	0	0	3	Where was Christina Christian at when she was stolen from the show ?
at	ADP	0	56d370aa59d6e414001463c2_pert_14	56d370aa59d6e414001463c2	0	0	4	Where was Christina Christian at when she was stolen from the show ?
when	SCONJ	0	56d370aa59d6e414001463c2_pert_14	56d370aa59d6e414001463c2	0	0	5	Where was Christina Christian at when she was stolen from the show ?
she	PRON	0	56d370aa59d6e414001463c2_pert_14	56d370aa59d6e414001463c2	0	0	6	Where was Christina Christian at when she was stolen from the show ?
was	AUX	0	56d370aa59d6e414001463c2_pert_14	56d370aa59d6e414001463c2	0	0	7	Where was Christina Christian at when she was stolen from the show ?
stolen	VERB	0	56d370aa59d6e414001463c2_pert_14	56d370aa59d6e414001463c2	0	1	8	Where was Christina Christian at when she was stolen from the show ?
from	ADP	0	56d370aa59d6e414001463c2_pert_14	56d370aa59d6e414001463c2	0	0	9	Where was Christina Christian at when she was stolen from the show ?
the	DET	0	56d370aa59d6e414001463c2_pert_14	56d370aa59d6e414001463c2	0	0	10	Where was Christina Christian at when she was stolen from the show ?
show	NOUN	0	56d370aa59d6e414001463c2_pert_14	56d370aa59d6e414001463c2	0	0	11	Where was Christina Christian at when she was stolen from the show ?
?	PUNCT	0	56d370aa59d6e414001463c2_pert_14	56d370aa59d6e414001463c2	0	0	12	Where was Christina Christian at when she was stolen from the show ?
Where	SCONJ	0	56d370aa59d6e414001463c2_pert_15	56d370aa59d6e414001463c2	0	0	0	Where was Christina Christian at when she was sacked from the show ?
was	AUX	0	56d370aa59d6e414001463c2_pert_15	56d370aa59d6e414001463c2	0	0	1	Where was Christina Christian at when she was sacked from the show ?
Christina	PROPN	0	56d370aa59d6e414001463c2_pert_15	56d370aa59d6e414001463c2	0	0	2	Where was Christina Christian at when she was sacked from the show ?
Christian	PROPN	0	56d370aa59d6e414001463c2_pert_15	56d370aa59d6e414001463c2	0	0	3	Where was Christina Christian at when she was sacked from the show ?
at	ADP	0	56d370aa59d6e414001463c2_pert_15	56d370aa59d6e414001463c2	0	0	4	Where was Christina Christian at when she was sacked from the show ?
when	SCONJ	0	56d370aa59d6e414001463c2_pert_15	56d370aa59d6e414001463c2	0	0	5	Where was Christina Christian at when she was sacked from the show ?
she	PRON	0	56d370aa59d6e414001463c2_pert_15	56d370aa59d6e414001463c2	0	0	6	Where was Christina Christian at when she was sacked from the show ?
was	AUX	0	56d370aa59d6e414001463c2_pert_15	56d370aa59d6e414001463c2	0	0	7	Where was Christina Christian at when she was sacked from the show ?
sacked	VERB	0	56d370aa59d6e414001463c2_pert_15	56d370aa59d6e414001463c2	0	1	8	Where was Christina Christian at when she was sacked from the show ?
from	ADP	0	56d370aa59d6e414001463c2_pert_15	56d370aa59d6e414001463c2	0	0	9	Where was Christina Christian at when she was sacked from the show ?
the	DET	0	56d370aa59d6e414001463c2_pert_15	56d370aa59d6e414001463c2	0	0	10	Where was Christina Christian at when she was sacked from the show ?
show	NOUN	0	56d370aa59d6e414001463c2_pert_15	56d370aa59d6e414001463c2	0	0	11	Where was Christina Christian at when she was sacked from the show ?
?	PUNCT	0	56d370aa59d6e414001463c2_pert_15	56d370aa59d6e414001463c2	0	0	12	Where was Christina Christian at when she was sacked from the show ?
Where	SCONJ	0	56d370aa59d6e414001463c2_pert_16	56d370aa59d6e414001463c2	0	0	0	Where was Christina Christian at when she was released from the show ?
was	AUX	0	56d370aa59d6e414001463c2_pert_16	56d370aa59d6e414001463c2	0	0	1	Where was Christina Christian at when she was released from the show ?
Christina	PROPN	0	56d370aa59d6e414001463c2_pert_16	56d370aa59d6e414001463c2	0	0	2	Where was Christina Christian at when she was released from the show ?
Christian	PROPN	0	56d370aa59d6e414001463c2_pert_16	56d370aa59d6e414001463c2	0	0	3	Where was Christina Christian at when she was released from the show ?
at	ADP	0	56d370aa59d6e414001463c2_pert_16	56d370aa59d6e414001463c2	0	0	4	Where was Christina Christian at when she was released from the show ?
when	SCONJ	0	56d370aa59d6e414001463c2_pert_16	56d370aa59d6e414001463c2	0	0	5	Where was Christina Christian at when she was released from the show ?
she	PRON	0	56d370aa59d6e414001463c2_pert_16	56d370aa59d6e414001463c2	0	0	6	Where was Christina Christian at when she was released from the show ?
was	AUX	0	56d370aa59d6e414001463c2_pert_16	56d370aa59d6e414001463c2	0	0	7	Where was Christina Christian at when she was released from the show ?
released	VERB	0	56d370aa59d6e414001463c2_pert_16	56d370aa59d6e414001463c2	0	1	8	Where was Christina Christian at when she was released from the show ?
from	ADP	0	56d370aa59d6e414001463c2_pert_16	56d370aa59d6e414001463c2	0	0	9	Where was Christina Christian at when she was released from the show ?
the	DET	0	56d370aa59d6e414001463c2_pert_16	56d370aa59d6e414001463c2	0	0	10	Where was Christina Christian at when she was released from the show ?
show	NOUN	0	56d370aa59d6e414001463c2_pert_16	56d370aa59d6e414001463c2	0	0	11	Where was Christina Christian at when she was released from the show ?
?	PUNCT	0	56d370aa59d6e414001463c2_pert_16	56d370aa59d6e414001463c2	0	0	12	Where was Christina Christian at when she was released from the show ?
Where	SCONJ	0	56d370aa59d6e414001463c2_pert_17	56d370aa59d6e414001463c2	0	0	0	Where was Christina Christian at when she was kidnapped from the show ?
was	AUX	0	56d370aa59d6e414001463c2_pert_17	56d370aa59d6e414001463c2	0	0	1	Where was Christina Christian at when she was kidnapped from the show ?
Christina	PROPN	0	56d370aa59d6e414001463c2_pert_17	56d370aa59d6e414001463c2	0	0	2	Where was Christina Christian at when she was kidnapped from the show ?
Christian	PROPN	0	56d370aa59d6e414001463c2_pert_17	56d370aa59d6e414001463c2	0	0	3	Where was Christina Christian at when she was kidnapped from the show ?
at	ADP	0	56d370aa59d6e414001463c2_pert_17	56d370aa59d6e414001463c2	0	0	4	Where was Christina Christian at when she was kidnapped from the show ?
when	SCONJ	0	56d370aa59d6e414001463c2_pert_17	56d370aa59d6e414001463c2	0	0	5	Where was Christina Christian at when she was kidnapped from the show ?
she	PRON	0	56d370aa59d6e414001463c2_pert_17	56d370aa59d6e414001463c2	0	0	6	Where was Christina Christian at when she was kidnapped from the show ?
was	AUX	0	56d370aa59d6e414001463c2_pert_17	56d370aa59d6e414001463c2	0	0	7	Where was Christina Christian at when she was kidnapped from the show ?
kidnapped	VERB	0	56d370aa59d6e414001463c2_pert_17	56d370aa59d6e414001463c2	0	1	8	Where was Christina Christian at when she was kidnapped from the show ?
from	ADP	0	56d370aa59d6e414001463c2_pert_17	56d370aa59d6e414001463c2	0	0	9	Where was Christina Christian at when she was kidnapped from the show ?
the	DET	0	56d370aa59d6e414001463c2_pert_17	56d370aa59d6e414001463c2	0	0	10	Where was Christina Christian at when she was kidnapped from the show ?
show	NOUN	0	56d370aa59d6e414001463c2_pert_17	56d370aa59d6e414001463c2	0	0	11	Where was Christina Christian at when she was kidnapped from the show ?
?	PUNCT	0	56d370aa59d6e414001463c2_pert_17	56d370aa59d6e414001463c2	0	0	12	Where was Christina Christian at when she was kidnapped from the show ?
Where	SCONJ	0	56d370aa59d6e414001463c2_pert_18	56d370aa59d6e414001463c2	0	0	0	Where was Christina Christian at when she was stealing from the show ?
was	AUX	0	56d370aa59d6e414001463c2_pert_18	56d370aa59d6e414001463c2	0	0	1	Where was Christina Christian at when she was stealing from the show ?
Christina	PROPN	0	56d370aa59d6e414001463c2_pert_18	56d370aa59d6e414001463c2	0	0	2	Where was Christina Christian at when she was stealing from the show ?
Christian	PROPN	0	56d370aa59d6e414001463c2_pert_18	56d370aa59d6e414001463c2	0	0	3	Where was Christina Christian at when she was stealing from the show ?
at	ADP	0	56d370aa59d6e414001463c2_pert_18	56d370aa59d6e414001463c2	0	0	4	Where was Christina Christian at when she was stealing from the show ?
when	SCONJ	0	56d370aa59d6e414001463c2_pert_18	56d370aa59d6e414001463c2	0	0	5	Where was Christina Christian at when she was stealing from the show ?
she	PRON	0	56d370aa59d6e414001463c2_pert_18	56d370aa59d6e414001463c2	0	0	6	Where was Christina Christian at when she was stealing from the show ?
was	AUX	0	56d370aa59d6e414001463c2_pert_18	56d370aa59d6e414001463c2	0	0	7	Where was Christina Christian at when she was stealing from the show ?
stealing	VERB	0	56d370aa59d6e414001463c2_pert_18	56d370aa59d6e414001463c2	0	1	8	Where was Christina Christian at when she was stealing from the show ?
from	ADP	0	56d370aa59d6e414001463c2_pert_18	56d370aa59d6e414001463c2	0	0	9	Where was Christina Christian at when she was stealing from the show ?
the	DET	0	56d370aa59d6e414001463c2_pert_18	56d370aa59d6e414001463c2	0	0	10	Where was Christina Christian at when she was stealing from the show ?
show	NOUN	0	56d370aa59d6e414001463c2_pert_18	56d370aa59d6e414001463c2	0	0	11	Where was Christina Christian at when she was stealing from the show ?
?	PUNCT	0	56d370aa59d6e414001463c2_pert_18	56d370aa59d6e414001463c2	0	0	12	Where was Christina Christian at when she was stealing from the show ?
Where	SCONJ	0	56d370aa59d6e414001463c2_pert_19	56d370aa59d6e414001463c2	0	0	0	Where was Christina Christian at when she was home from the show ?
was	AUX	0	56d370aa59d6e414001463c2_pert_19	56d370aa59d6e414001463c2	0	0	1	Where was Christina Christian at when she was home from the show ?
Christina	PROPN	0	56d370aa59d6e414001463c2_pert_19	56d370aa59d6e414001463c2	0	0	2	Where was Christina Christian at when she was home from the show ?
Christian	PROPN	0	56d370aa59d6e414001463c2_pert_19	56d370aa59d6e414001463c2	0	0	3	Where was Christina Christian at when she was home from the show ?
at	ADP	0	56d370aa59d6e414001463c2_pert_19	56d370aa59d6e414001463c2	0	0	4	Where was Christina Christian at when she was home from the show ?
when	SCONJ	0	56d370aa59d6e414001463c2_pert_19	56d370aa59d6e414001463c2	0	0	5	Where was Christina Christian at when she was home from the show ?
she	PRON	0	56d370aa59d6e414001463c2_pert_19	56d370aa59d6e414001463c2	0	0	6	Where was Christina Christian at when she was home from the show ?
was	AUX	0	56d370aa59d6e414001463c2_pert_19	56d370aa59d6e414001463c2	0	0	7	Where was Christina Christian at when she was home from the show ?
home	ADV	0	56d370aa59d6e414001463c2_pert_19	56d370aa59d6e414001463c2	0	1	8	Where was Christina Christian at when she was home from the show ?
from	ADP	0	56d370aa59d6e414001463c2_pert_19	56d370aa59d6e414001463c2	0	0	9	Where was Christina Christian at when she was home from the show ?
the	DET	0	56d370aa59d6e414001463c2_pert_19	56d370aa59d6e414001463c2	0	0	10	Where was Christina Christian at when she was home from the show ?
show	NOUN	0	56d370aa59d6e414001463c2_pert_19	56d370aa59d6e414001463c2	0	0	11	Where was Christina Christian at when she was home from the show ?
?	PUNCT	0	56d370aa59d6e414001463c2_pert_19	56d370aa59d6e414001463c2	0	0	12	Where was Christina Christian at when she was home from the show ?
